data,pubblicazione,url,fascia,vaccino,popolazione,diagnosi,ricoveri,intensive,decessi,popolazione_giorno,diagnosi_start,diagnosi_end,ricoveri_start,ricoveri_end,intensive_start,intensive_end,decessi_start,decessi_end
2021-11-03,2021-11-05,https://www.epicentro.iss.it/coronavirus/bollettino/Bollettino-sorveglianza-integrata-COVID-19_3-novembre-2021.pdf,12-39,non vaccinati,3.851.600,16.805,486,30,4,2021-10-16,2021-10-01,2021-10-31,2021-09-24,2021-10-24,2021-09-24,2021-10-24,2021-09-10,2021-10-10
2021-11-03,2021-11-05,https://www.epicentro.iss.it/coronavirus/bollettino/Bollettino-sorveglianza-integrata-COVID-19_3-novembre-2021.pdf,12-39,vaccinati incompleto,1.387.907,1.478,31,2,3,2021-10-16,2021-10-01,2021-10-31,2021-09-24,2021-10-24,2021-09-24,2021-10-24,2021-09-10,2021-10-10
2021-11-03,2021-11-05,https://www.epicentro.iss.it/coronavirus/bollettino/Bollettino-sorveglianza-integrata-COVID-19_3-novembre-2021.pdf,12-39,vaccinati completo,12.196.048,10.123,90,0,3,2021-10-16,2021-10-01,2021-10-31,2021-09-24,2021-10-24,2021-09-24,2021-10-24,2021-09-10,2021-10-10
2021-11-03,2021-11-05,https://www.epicentro.iss.it/coronavirus/bollettino/Bollettino-sorveglianza-integrata-COVID-19_3-novembre-2021.pdf,40-59,non vaccinati,3.246.622,12.924,940,99,53,2021-10-16,2021-10-01,2021-10-31,2021-09-24,2021-10-24,2021-09-24,2021-10-24,2021-09-10,2021-10-10
2021-11-03,2021-11-05,https://www.epicentro.iss.it/coronavirus/bollettino/Bollettino-sorveglianza-integrata-COVID-19_3-novembre-2021.pdf,40-59,vaccinati incompleto,876.762,1.163,32,2,2,2021-10-16,2021-10-01,2021-10-31,2021-09-24,2021-10-24,2021-09-24,2021-10-24,2021-09-10,2021-10-10
2021-11-03,2021-11-05,https://www.epicentro.iss.it/coronavirus/bollettino/Bollettino-sorveglianza-integrata-COVID-19_3-novembre-2021.pdf,40-59,vaccinati completo,14.314.721,15.271,219,14,9,2021-10-16,2021-10-01,2021-10-31,2021-09-24,2021-10-24,2021-09-24,2021-10-24,2021-09-10,2021-10-10
2021-11-03,2021-11-05,https://www.epicentro.iss.it/coronavirus/bollettino/Bollettino-sorveglianza-integrata-COVID-19_3-novembre-2021.pdf,60-79,non vaccinati,1.349.623,4.614,895,174,169,2021-10-16,2021-10-01,2021-10-31,2021-09-24,2021-10-24,2021-09-24,2021-10-24,2021-09-10,2021-10-10
2021-11-03,2021-11-05,https://www.epicentro.iss.it/coronavirus/bollettino/Bollettino-sorveglianza-integrata-COVID-19_3-novembre-2021.pdf,60-79,vaccinati incompleto,295.045,471,49,7,7,2021-10-16,2021-10-01,2021-10-31,2021-09-24,2021-10-24,2021-09-24,2021-10-24,2021-09-10,2021-10-10
2021-11-03,2021-11-05,https://www.epicentro.iss.it/coronavirus/bollettino/Bollettino-sorveglianza-integrata-COVID-19_3-novembre-2021.pdf,60-79,vaccinati completo,11.928.111,11.006,737,82,102,2021-10-16,2021-10-01,2021-10-31,2021-09-24,2021-10-24,2021-09-24,2021-10-24,2021-09-10,2021-10-10
2021-11-03,2021-11-05,https://www.epicentro.iss.it/coronavirus/bollettino/Bollettino-sorveglianza-integrata-COVID-19_3-novembre-2021.pdf,80+,non vaccinati,235.904,1.055,375,16,190,2021-10-16,2021-10-01,2021-10-31,2021-09-24,2021-10-24,2021-09-24,2021-10-24,2021-09-10,2021-10-10
2021-11-03,2021-11-05,https://www.epicentro.iss.it/coronavirus/bollettino/Bollettino-sorveglianza-integrata-COVID-19_3-novembre-2021.pdf,80+,vaccinati incompleto,93.709,95,33,0,15,2021-10-16,2021-10-01,2021-10-31,2021-09-24,2021-10-24,2021-09-24,2021-10-24,2021-09-10,2021-10-10
2021-11-03,2021-11-05,https://www.epicentro.iss.it/coronavirus/bollettino/Bollettino-sorveglianza-integrata-COVID-19_3-novembre-2021.pdf,80+,vaccinati completo,4.233.887,4.591,991,44,309,2021-10-16,2021-10-01,2021-10-31,2021-09-24,2021-10-24,2021-09-24,2021-10-24,2021-09-10,2021-10-10
2021-10-27,2021-10-29,https://www.epicentro.iss.it/coronavirus/bollettino/Bollettino-sorveglianza-integrata-COVID-19_27-ottobre-2021.pdf,12-39,non vaccinati,4.131.599,1.6714,557,31,4,2021-10-09,2021-09-24,2021-10-24,2021-09-17,2021-10-17,2021-09-17,2021-10-17,2021-09-03,2021-10-03
2021-10-27,2021-10-29,https://www.epicentro.iss.it/coronavirus/bollettino/Bollettino-sorveglianza-integrata-COVID-19_27-ottobre-2021.pdf,12-39,vaccinati incompleto,1.588.270,1.725,38,3,3,2021-10-09,2021-09-24,2021-10-24,2021-09-17,2021-10-17,2021-09-17,2021-10-17,2021-09-03,2021-10-03
2021-10-27,2021-10-29,https://www.epicentro.iss.it/coronavirus/bollettino/Bollettino-sorveglianza-integrata-COVID-19_27-ottobre-2021.pdf,12-39,vaccinati completo,1.1715.686,8.300,79,0,1,2021-10-09,2021-09-24,2021-10-24,2021-09-17,2021-10-17,2021-09-17,2021-10-17,2021-09-03,2021-10-03
2021-10-27,2021-10-29,https://www.epicentro.iss.it/coronavirus/bollettino/Bollettino-sorveglianza-integrata-COVID-19_27-ottobre-2021.pdf,40-59,non vaccinati,3.459.567,12.266,989,111,58,2021-10-09,2021-09-24,2021-10-24,2021-09-17,2021-10-17,2021-09-17,2021-10-17,2021-09-03,2021-10-03
2021-10-27,2021-10-29,https://www.epicentro.iss.it/coronavirus/bollettino/Bollettino-sorveglianza-integrata-COVID-19_27-ottobre-2021.pdf,40-59,vaccinati incompleto,875.355,1.176,42,4,2,2021-10-09,2021-09-24,2021-10-24,2021-09-17,2021-10-17,2021-09-17,2021-10-17,2021-09-03,2021-10-03
2021-10-27,2021-10-29,https://www.epicentro.iss.it/coronavirus/bollettino/Bollettino-sorveglianza-integrata-COVID-19_27-ottobre-2021.pdf,40-59,vaccinati completo,14.103.183,12.623,192,16,10,2021-10-09,2021-09-24,2021-10-24,2021-09-17,2021-10-17,2021-09-17,2021-10-17,2021-09-03,2021-10-03
2021-10-27,2021-10-29,https://www.epicentro.iss.it/coronavirus/bollettino/Bollettino-sorveglianza-integrata-COVID-19_27-ottobre-2021.pdf,60-79,non vaccinati,1.399.821,4.207,910,170,222,2021-10-09,2021-09-24,2021-10-24,2021-09-17,2021-10-17,2021-09-17,2021-10-17,2021-09-03,2021-10-03
2021-10-27,2021-10-29,https://www.epicentro.iss.it/coronavirus/bollettino/Bollettino-sorveglianza-integrata-COVID-19_27-ottobre-2021.pdf,60-79,vaccinati incompleto,304.769,426,52,6,13,2021-10-09,2021-09-24,2021-10-24,2021-09-17,2021-10-17,2021-09-17,2021-10-17,2021-09-03,2021-10-03
2021-10-27,2021-10-29,https://www.epicentro.iss.it/coronavirus/bollettino/Bollettino-sorveglianza-integrata-COVID-19_27-ottobre-2021.pdf,60-79,vaccinati completo,11.868.189,9.175,650,67,113,2021-10-09,2021-09-24,2021-10-24,2021-09-17,2021-10-17,2021-09-17,2021-10-17,2021-09-03,2021-10-03
2021-10-27,2021-10-29,https://www.epicentro.iss.it/coronavirus/bollettino/Bollettino-sorveglianza-integrata-COVID-19_27-ottobre-2021.pdf,80+,non vaccinati,240.500,941,389,20,227,2021-10-09,2021-09-24,2021-10-24,2021-09-17,2021-10-17,2021-09-17,2021-10-17,2021-09-03,2021-10-03
2021-10-27,2021-10-29,https://www.epicentro.iss.it/coronavirus/bollettino/Bollettino-sorveglianza-integrata-COVID-19_27-ottobre-2021.pdf,80+,vaccinati incompleto,94.801,94,39,1,22,2021-10-09,2021-09-24,2021-10-24,2021-09-17,2021-10-17,2021-09-17,2021-10-17,2021-09-03,2021-10-03
2021-10-27,2021-10-29,https://www.epicentro.iss.it/coronavirus/bollettino/Bollettino-sorveglianza-integrata-COVID-19_27-ottobre-2021.pdf,80+,vaccinati completo,4.228.199,4.033,894,45,337,2021-10-09,2021-09-24,2021-10-24,2021-09-17,2021-10-17,2021-09-17,2021-10-17,2021-09-03,2021-10-03
2021-10-20,2021-10-22,https://www.epicentro.iss.it/coronavirus/bollettino/Bollettino-sorveglianza-integrata-COVID-19_20-ottobre-2021.pdf,12-39,non vaccinati,4.435.610,18.282,694,39,7,2021-10-02,2021-09-17,2021-10-17,2021-09-10,2021-10-10,2021-09-10,2021-10-10,2021-08-27,2021-09-26
2021-10-20,2021-10-22,https://www.epicentro.iss.it/coronavirus/bollettino/Bollettino-sorveglianza-integrata-COVID-19_20-ottobre-2021.pdf,12-39,vaccinati incompleto,1.920.254,2.230,47,2,3,2021-10-02,2021-09-17,2021-10-17,2021-09-10,2021-10-10,2021-09-10,2021-10-10,2021-08-27,2021-09-26
2021-10-20,2021-10-22,https://www.epicentro.iss.it/coronavirus/bollettino/Bollettino-sorveglianza-integrata-COVID-19_20-ottobre-2021.pdf,12-39,vaccinati completo,11.079.691,7.601,80,1,0,2021-10-02,2021-09-17,2021-10-17,2021-09-10,2021-10-10,2021-09-10,2021-10-10,2021-08-27,2021-09-26
2021-10-20,2021-10-22,https://www.epicentro.iss.it/coronavirus/bollettino/Bollettino-sorveglianza-integrata-COVID-19_20-ottobre-2021.pdf,40-59,non vaccinati,3.686.874,12.624,1.185,153,79,2021-10-02,2021-09-17,2021-10-17,2021-09-10,2021-10-10,2021-09-10,2021-10-10,2021-08-27,2021-09-26
2021-10-20,2021-10-22,https://www.epicentro.iss.it/coronavirus/bollettino/Bollettino-sorveglianza-integrata-COVID-19_20-ottobre-2021.pdf,40-59,vaccinati incompleto,923.975,1.342,58,3,1,2021-10-02,2021-09-17,2021-10-17,2021-09-10,2021-10-10,2021-09-10,2021-10-10,2021-08-27,2021-09-26
2021-10-20,2021-10-22,https://www.epicentro.iss.it/coronavirus/bollettino/Bollettino-sorveglianza-integrata-COVID-19_20-ottobre-2021.pdf,40-59,vaccinati completo,13.827.667,11.499,218,15,8,2021-10-02,2021-09-17,2021-10-17,2021-09-10,2021-10-10,2021-09-10,2021-10-10,2021-08-27,2021-09-26
2021-10-20,2021-10-22,https://www.epicentro.iss.it/coronavirus/bollettino/Bollettino-sorveglianza-integrata-COVID-19_20-ottobre-2021.pdf,60-79,non vaccinati,1.458.643,4.301,1.071,200,270,2021-10-02,2021-09-17,2021-10-17,2021-09-10,2021-10-10,2021-09-10,2021-10-10,2021-08-27,2021-09-26
2021-10-20,2021-10-22,https://www.epicentro.iss.it/coronavirus/bollettino/Bollettino-sorveglianza-integrata-COVID-19_20-ottobre-2021.pdf,60-79,vaccinati incompleto,320.253,444,53,4,17,2021-10-02,2021-09-17,2021-10-17,2021-09-10,2021-10-10,2021-09-10,2021-10-10,2021-08-27,2021-09-26
2021-10-20,2021-10-22,https://www.epicentro.iss.it/coronavirus/bollettino/Bollettino-sorveglianza-integrata-COVID-19_20-ottobre-2021.pdf,60-79,vaccinati completo,11.793.883,8.636,701,83,139,2021-10-02,2021-09-17,2021-10-17,2021-09-10,2021-10-10,2021-09-10,2021-10-10,2021-08-27,2021-09-26
2021-10-20,2021-10-22,https://www.epicentro.iss.it/coronavirus/bollettino/Bollettino-sorveglianza-integrata-COVID-19_20-ottobre-2021.pdf,80+,non vaccinati,248.105,987,446,22,280,2021-10-02,2021-09-17,2021-10-17,2021-09-10,2021-10-10,2021-09-10,2021-10-10,2021-08-27,2021-09-26
2021-10-20,2021-10-22,https://www.epicentro.iss.it/coronavirus/bollettino/Bollettino-sorveglianza-integrata-COVID-19_20-ottobre-2021.pdf,80+,vaccinati incompleto,94.972,111,39,1,21,2021-10-02,2021-09-17,2021-10-17,2021-09-10,2021-10-10,2021-09-10,2021-10-10,2021-08-27,2021-09-26
2021-10-20,2021-10-22,https://www.epicentro.iss.it/coronavirus/bollettino/Bollettino-sorveglianza-integrata-COVID-19_20-ottobre-2021.pdf,80+,vaccinati completo,4.219.974,3.778,955,46,364,2021-10-02,2021-09-17,2021-10-17,2021-09-10,2021-10-10,2021-09-10,2021-10-10,2021-08-27,2021-09-26
2021-10-13,2021-10-15,https://www.epicentro.iss.it/coronavirus/bollettino/Bollettino-sorveglianza-integrata-COVID-19_13-ottobre-2021.pdf,12-39,non vaccinati,4.703.532,23.744,905,41,11,2021-09-25,2021-09-10,2021-10-10,2021-09-03,2021-10-03,2021-09-03,2021-10-03,2021-08-20,2021-09-19
2021-10-13,2021-10-15,https://www.epicentro.iss.it/coronavirus/bollettino/Bollettino-sorveglianza-integrata-COVID-19_13-ottobre-2021.pdf,12-39,vaccinati incompleto,2.359.444,2.996,62,1,1,2021-09-25,2021-09-10,2021-10-10,2021-09-03,2021-10-03,2021-09-03,2021-10-03,2021-08-20,2021-09-19
2021-10-13,2021-10-15,https://www.epicentro.iss.it/coronavirus/bollettino/Bollettino-sorveglianza-integrata-COVID-19_13-ottobre-2021.pdf,12-39,vaccinati completo,10.372.579,7.964,96,1,1,2021-09-25,2021-09-10,2021-10-10,2021-09-03,2021-10-03,2021-09-03,2021-10-03,2021-08-20,2021-09-19
2021-10-13,2021-10-15,https://www.epicentro.iss.it/coronavirus/bollettino/Bollettino-sorveglianza-integrata-COVID-19_13-ottobre-2021.pdf,40-59,non vaccinati,3.837.158,15.463,1.568,198,105,2021-09-25,2021-09-10,2021-10-10,2021-09-03,2021-10-03,2021-09-03,2021-10-03,2021-08-20,2021-09-19
2021-10-13,2021-10-15,https://www.epicentro.iss.it/coronavirus/bollettino/Bollettino-sorveglianza-integrata-COVID-19_13-ottobre-2021.pdf,40-59,vaccinati incompleto,1.063.631,1.729,69,4,1,2021-09-25,2021-09-10,2021-10-10,2021-09-03,2021-10-03,2021-09-03,2021-10-03,2021-08-20,2021-09-19
2021-10-13,2021-10-15,https://www.epicentro.iss.it/coronavirus/bollettino/Bollettino-sorveglianza-integrata-COVID-19_13-ottobre-2021.pdf,40-59,vaccinati completo,13.537.727,12.075,247,19,12,2021-09-25,2021-09-10,2021-10-10,2021-09-03,2021-10-03,2021-09-03,2021-10-03,2021-08-20,2021-09-19
2021-10-13,2021-10-15,https://www.epicentro.iss.it/coronavirus/bollettino/Bollettino-sorveglianza-integrata-COVID-19_13-ottobre-2021.pdf,60-79,non vaccinati,1.510.299,5.368,1.312,248,335,2021-09-25,2021-09-10,2021-10-10,2021-09-03,2021-10-03,2021-09-03,2021-10-03,2021-08-20,2021-09-19
2021-10-13,2021-10-15,https://www.epicentro.iss.it/coronavirus/bollettino/Bollettino-sorveglianza-integrata-COVID-19_13-ottobre-2021.pdf,60-79,vaccinati incompleto,343.780,505,64,7,25,2021-09-25,2021-09-10,2021-10-10,2021-09-03,2021-10-03,2021-09-03,2021-10-03,2021-08-20,2021-09-19
2021-10-13,2021-10-15,https://www.epicentro.iss.it/coronavirus/bollettino/Bollettino-sorveglianza-integrata-COVID-19_13-ottobre-2021.pdf,60-79,vaccinati completo,11.718.700,9.310,752,86,153,2021-09-25,2021-09-10,2021-10-10,2021-09-03,2021-10-03,2021-09-03,2021-10-03,2021-08-20,2021-09-19
2021-10-13,2021-10-15,https://www.epicentro.iss.it/coronavirus/bollettino/Bollettino-sorveglianza-integrata-COVID-19_13-ottobre-2021.pdf,80+,non vaccinati,256.190,1.215,489,28,324,2021-09-25,2021-09-10,2021-10-10,2021-09-03,2021-10-03,2021-09-03,2021-10-03,2021-08-20,2021-09-19
2021-10-13,2021-10-15,https://www.epicentro.iss.it/coronavirus/bollettino/Bollettino-sorveglianza-integrata-COVID-19_13-ottobre-2021.pdf,80+,vaccinati incompleto,95.480,122,50,1,24,2021-09-25,2021-09-10,2021-10-10,2021-09-03,2021-10-03,2021-09-03,2021-10-03,2021-08-20,2021-09-19
2021-10-13,2021-10-15,https://www.epicentro.iss.it/coronavirus/bollettino/Bollettino-sorveglianza-integrata-COVID-19_13-ottobre-2021.pdf,80+,vaccinati completo,4.211.381,4.147,1.038,49,412,2021-09-25,2021-09-10,2021-10-10,2021-09-03,2021-10-03,2021-09-03,2021-10-03,2021-08-20,2021-09-19
2021-10-06,2021-10-08,https://www.epicentro.iss.it/coronavirus/bollettino/Bollettino-sorveglianza-integrata-COVID-19_6-ottobre-2021.pdf,12-39,non vaccinati,5.097.573,30.097,1.162,52,16,2021-09-18,2021-09-03,2021-10-03,2021-08-27,2021-09-26,2021-08-27,2021-09-26,2021-08-13,2021-09-12
2021-10-06,2021-10-08,https://www.epicentro.iss.it/coronavirus/bollettino/Bollettino-sorveglianza-integrata-COVID-19_6-ottobre-2021.pdf,12-39,vaccinati incompleto,2.765.520,4.044,63,1,1,2021-09-18,2021-09-03,2021-10-03,2021-08-27,2021-09-26,2021-08-27,2021-09-26,2021-08-13,2021-09-12
2021-10-06,2021-10-08,https://www.epicentro.iss.it/coronavirus/bollettino/Bollettino-sorveglianza-integrata-COVID-19_6-ottobre-2021.pdf,12-39,vaccinati completo,9.572.462,8.696,89,2,2,2021-09-18,2021-09-03,2021-10-03,2021-08-27,2021-09-26,2021-08-27,2021-09-26,2021-08-13,2021-09-12
2021-10-06,2021-10-08,https://www.epicentro.iss.it/coronavirus/bollettino/Bollettino-sorveglianza-integrata-COVID-19_6-ottobre-2021.pdf,40-59,non vaccinati,4.013.196,18.899,1.938,234,127,2021-09-18,2021-09-03,2021-10-03,2021-08-27,2021-09-26,2021-08-27,2021-09-26,2021-08-13,2021-09-12
2021-10-06,2021-10-08,https://www.epicentro.iss.it/coronavirus/bollettino/Bollettino-sorveglianza-integrata-COVID-19_6-ottobre-2021.pdf,40-59,vaccinati incompleto,1.202.803,2.185,83,5,2,2021-09-18,2021-09-03,2021-10-03,2021-08-27,2021-09-26,2021-08-27,2021-09-26,2021-08-13,2021-09-12
2021-10-06,2021-10-08,https://www.epicentro.iss.it/coronavirus/bollettino/Bollettino-sorveglianza-integrata-COVID-19_6-ottobre-2021.pdf,40-59,vaccinati completo,13.222.517,13.201,258,20,12,2021-09-18,2021-09-03,2021-10-03,2021-08-27,2021-09-26,2021-08-27,2021-09-26,2021-08-13,2021-09-12
2021-10-06,2021-10-08,https://www.epicentro.iss.it/coronavirus/bollettino/Bollettino-sorveglianza-integrata-COVID-19_6-ottobre-2021.pdf,60-79,non vaccinati,1.567.153,6.396,1.535,282,402,2021-09-18,2021-09-03,2021-10-03,2021-08-27,2021-09-26,2021-08-27,2021-09-26,2021-08-13,2021-09-12
2021-10-06,2021-10-08,https://www.epicentro.iss.it/coronavirus/bollettino/Bollettino-sorveglianza-integrata-COVID-19_6-ottobre-2021.pdf,60-79,vaccinati incompleto,362.428,588,83,8,27,2021-09-18,2021-09-03,2021-10-03,2021-08-27,2021-09-26,2021-08-27,2021-09-26,2021-08-13,2021-09-12
2021-10-06,2021-10-08,https://www.epicentro.iss.it/coronavirus/bollettino/Bollettino-sorveglianza-integrata-COVID-19_6-ottobre-2021.pdf,60-79,vaccinati completo,11.643.198,10.032,794,96,153,2021-09-18,2021-09-03,2021-10-03,2021-08-27,2021-09-26,2021-08-27,2021-09-26,2021-08-13,2021-09-12
2021-10-06,2021-10-08,https://www.epicentro.iss.it/coronavirus/bollettino/Bollettino-sorveglianza-integrata-COVID-19_6-ottobre-2021.pdf,80+,non vaccinati,264.772,1.416,589,36,343,2021-09-18,2021-09-03,2021-10-03,2021-08-27,2021-09-26,2021-08-27,2021-09-26,2021-08-13,2021-09-12
2021-10-06,2021-10-08,https://www.epicentro.iss.it/coronavirus/bollettino/Bollettino-sorveglianza-integrata-COVID-19_6-ottobre-2021.pdf,80+,vaccinati incompleto,95.434,135,49,1,18,2021-09-18,2021-09-03,2021-10-03,2021-08-27,2021-09-26,2021-08-27,2021-09-26,2021-08-13,2021-09-12
2021-10-06,2021-10-08,https://www.epicentro.iss.it/coronavirus/bollettino/Bollettino-sorveglianza-integrata-COVID-19_6-ottobre-2021.pdf,80+,vaccinati completo,4.202.845,4.600,1.127,55,413,2021-09-18,2021-09-03,2021-10-03,2021-08-27,2021-09-26,2021-08-27,2021-09-26,2021-08-13,2021-09-12
2021-09-29,2021-10-01,https://www.epicentro.iss.it/coronavirus/bollettino/Bollettino-sorveglianza-integrata-COVID-19_29-settembre-2021.pdf,12-39,non vaccinati,5.623.726,38.923,1.427,67,15,2021-09-11,2021-08-27,2021-09-26,2021-08-20,2021-09-19,2021-08-20,2021-09-19,2021-08-06,2021-09-05
2021-09-29,2021-10-01,https://www.epicentro.iss.it/coronavirus/bollettino/Bollettino-sorveglianza-integrata-COVID-19_29-settembre-2021.pdf,12-39,vaccinati incompleto,3.040.444,5.571,75,1,1,2021-09-11,2021-08-27,2021-09-26,2021-08-20,2021-09-19,2021-08-20,2021-09-19,2021-08-06,2021-09-05
2021-09-29,2021-10-01,https://www.epicentro.iss.it/coronavirus/bollettino/Bollettino-sorveglianza-integrata-COVID-19_29-settembre-2021.pdf,12-39,vaccinati completo,8.771.385,9.701,102,4,2,2021-09-11,2021-08-27,2021-09-26,2021-08-20,2021-09-19,2021-08-20,2021-09-19,2021-08-06,2021-09-05
2021-09-29,2021-10-01,https://www.epicentro.iss.it/coronavirus/bollettino/Bollettino-sorveglianza-integrata-COVID-19_29-settembre-2021.pdf,40-59,non vaccinati,4.250.568,22.971,2.310,277,135,2021-09-11,2021-08-27,2021-09-26,2021-08-20,2021-09-19,2021-08-20,2021-09-19,2021-08-06,2021-09-05
2021-09-29,2021-10-01,https://www.epicentro.iss.it/coronavirus/bollettino/Bollettino-sorveglianza-integrata-COVID-19_29-settembre-2021.pdf,40-59,vaccinati incompleto,1.285.015,2.808,91,6,5,2021-09-11,2021-08-27,2021-09-26,2021-08-20,2021-09-19,2021-08-20,2021-09-19,2021-08-06,2021-09-05
2021-09-29,2021-10-01,https://www.epicentro.iss.it/coronavirus/bollettino/Bollettino-sorveglianza-integrata-COVID-19_29-settembre-2021.pdf,40-59,vaccinati completo,12.903.074,14.602,307,17,16,2021-09-11,2021-08-27,2021-09-26,2021-08-20,2021-09-19,2021-08-20,2021-09-19,2021-08-06,2021-09-05
2021-09-29,2021-10-01,https://www.epicentro.iss.it/coronavirus/bollettino/Bollettino-sorveglianza-integrata-COVID-19_29-settembre-2021.pdf,60-79,non vaccinati,1.637.926,7.353,1.750,335,425,2021-09-11,2021-08-27,2021-09-26,2021-08-20,2021-09-19,2021-08-20,2021-09-19,2021-08-06,2021-09-05
2021-09-29,2021-10-01,https://www.epicentro.iss.it/coronavirus/bollettino/Bollettino-sorveglianza-integrata-COVID-19_29-settembre-2021.pdf,60-79,vaccinati incompleto,383.531,760,113,14,33,2021-09-11,2021-08-27,2021-09-26,2021-08-20,2021-09-19,2021-08-20,2021-09-19,2021-08-06,2021-09-05
2021-09-29,2021-10-01,https://www.epicentro.iss.it/coronavirus/bollettino/Bollettino-sorveglianza-integrata-COVID-19_29-settembre-2021.pdf,60-79,vaccinati completo,11.551.322,10.901,834,99,145,2021-09-11,2021-08-27,2021-09-26,2021-08-20,2021-09-19,2021-08-20,2021-09-19,2021-08-06,2021-09-05
2021-09-29,2021-10-01,https://www.epicentro.iss.it/coronavirus/bollettino/Bollettino-sorveglianza-integrata-COVID-19_29-settembre-2021.pdf,80+,non vaccinati,274.400,1.653,673,38,352,2021-09-11,2021-08-27,2021-09-26,2021-08-20,2021-09-19,2021-08-20,2021-09-19,2021-08-06,2021-09-05
2021-09-29,2021-10-01,https://www.epicentro.iss.it/coronavirus/bollettino/Bollettino-sorveglianza-integrata-COVID-19_29-settembre-2021.pdf,80+,vaccinati incompleto,96.496,145,51,0,18,2021-09-11,2021-08-27,2021-09-26,2021-08-20,2021-09-19,2021-08-20,2021-09-19,2021-08-06,2021-09-05
2021-09-29,2021-10-01,https://www.epicentro.iss.it/coronavirus/bollettino/Bollettino-sorveglianza-integrata-COVID-19_29-settembre-2021.pdf,80+,vaccinati completo,4.192.014,4.856,1.175,54,402,2021-09-11,2021-08-27,2021-09-26,2021-08-20,2021-09-19,2021-08-20,2021-09-19,2021-08-06,2021-09-05
2021-09-22,2021-09-24,https://www.epicentro.iss.it/coronavirus/bollettino/Bollettino-sorveglianza-integrata-COVID-19_22-settembre-2021.pdf,12-39,non vaccinati,6.122.626,49.207,1.646,76,13,2021-09-04,2021-08-20,2021-09-19,2021-08-13,2021-09-12,2021-08-13,2021-09-12,2021-07-30,2021-08-29
2021-09-22,2021-09-24,https://www.epicentro.iss.it/coronavirus/bollettino/Bollettino-sorveglianza-integrata-COVID-19_22-settembre-2021.pdf,12-39,vaccinati incompleto,3.199.510,7.216,80,1,1,2021-09-04,2021-08-20,2021-09-19,2021-08-13,2021-09-12,2021-08-13,2021-09-12,2021-07-30,2021-08-29
2021-09-22,2021-09-24,https://www.epicentro.iss.it/coronavirus/bollettino/Bollettino-sorveglianza-integrata-COVID-19_22-settembre-2021.pdf,12-39,vaccinati completo,8.113.419,11.040,118,4,2,2021-09-04,2021-08-20,2021-09-19,2021-08-13,2021-09-12,2021-08-13,2021-09-12,2021-07-30,2021-08-29
2021-09-22,2021-09-24,https://www.epicentro.iss.it/coronavirus/bollettino/Bollettino-sorveglianza-integrata-COVID-19_22-settembre-2021.pdf,40-59,non vaccinati,4.469.554,26.851,2.539,300,127,2021-09-04,2021-08-20,2021-09-19,2021-08-13,2021-09-12,2021-08-13,2021-09-12,2021-07-30,2021-08-29
2021-09-22,2021-09-24,https://www.epicentro.iss.it/coronavirus/bollettino/Bollettino-sorveglianza-integrata-COVID-19_22-settembre-2021.pdf,40-59,vaccinati incompleto,1.372.996,3.406,109,7,5,2021-09-04,2021-08-20,2021-09-19,2021-08-13,2021-09-12,2021-08-13,2021-09-12,2021-07-30,2021-08-29
2021-09-22,2021-09-24,https://www.epicentro.iss.it/coronavirus/bollettino/Bollettino-sorveglianza-integrata-COVID-19_22-settembre-2021.pdf,40-59,vaccinati completo,12.596.107,16.128,304,17,16,2021-09-04,2021-08-20,2021-09-19,2021-08-13,2021-09-12,2021-08-13,2021-09-12,2021-07-30,2021-08-29
2021-09-22,2021-09-24,https://www.epicentro.iss.it/coronavirus/bollettino/Bollettino-sorveglianza-integrata-COVID-19_22-settembre-2021.pdf,60-79,non vaccinati,1.705.446,8.275,1.883,355,399,2021-09-04,2021-08-20,2021-09-19,2021-08-13,2021-09-12,2021-08-13,2021-09-12,2021-07-30,2021-08-29
2021-09-22,2021-09-24,https://www.epicentro.iss.it/coronavirus/bollettino/Bollettino-sorveglianza-integrata-COVID-19_22-settembre-2021.pdf,60-79,vaccinati incompleto,422.136,957,129,16,34,2021-09-04,2021-08-20,2021-09-19,2021-08-13,2021-09-12,2021-08-13,2021-09-12,2021-07-30,2021-08-29
2021-09-22,2021-09-24,https://www.epicentro.iss.it/coronavirus/bollettino/Bollettino-sorveglianza-integrata-COVID-19_22-settembre-2021.pdf,60-79,vaccinati completo,11.445.197,11.646,827,95,127,2021-09-04,2021-08-20,2021-09-19,2021-08-13,2021-09-12,2021-08-13,2021-09-12,2021-07-30,2021-08-29
2021-09-22,2021-09-24,https://www.epicentro.iss.it/coronavirus/bollettino/Bollettino-sorveglianza-integrata-COVID-19_22-settembre-2021.pdf,80+,non vaccinati,283.500,1.800,714,44,338,2021-09-04,2021-08-20,2021-09-19,2021-08-13,2021-09-12,2021-08-13,2021-09-12,2021-07-30,2021-08-29
2021-09-22,2021-09-24,https://www.epicentro.iss.it/coronavirus/bollettino/Bollettino-sorveglianza-integrata-COVID-19_22-settembre-2021.pdf,80+,vaccinati incompleto,101.926,156,49,2,17,2021-09-04,2021-08-20,2021-09-19,2021-08-13,2021-09-12,2021-08-13,2021-09-12,2021-07-30,2021-08-29
2021-09-22,2021-09-24,https://www.epicentro.iss.it/coronavirus/bollettino/Bollettino-sorveglianza-integrata-COVID-19_22-settembre-2021.pdf,80+,vaccinati completo,4.177.484,5.236,1.207,57,364,2021-09-04,2021-08-20,2021-09-19,2021-08-13,2021-09-12,2021-08-13,2021-09-12,2021-07-30,2021-08-29
2021-09-15,2021-09-17,https://www.epicentro.iss.it/coronavirus/bollettino/Bollettino-sorveglianza-integrata-COVID-19_15-settembre-2021.pdf,12-39,non vaccinati,6.602.412,57.228,1.705,73,9,2021-08-28,2021-08-13,2021-09-12,2021-08-06,2021-09-05,2021-08-06,2021-09-05,2021-07-23,2021-08-22
2021-09-15,2021-09-17,https://www.epicentro.iss.it/coronavirus/bollettino/Bollettino-sorveglianza-integrata-COVID-19_15-settembre-2021.pdf,12-39,vaccinati incompleto,3.128.125,8.599,76,2,1,2021-08-28,2021-08-13,2021-09-12,2021-08-06,2021-09-05,2021-08-06,2021-09-05,2021-07-23,2021-08-22
2021-09-15,2021-09-17,https://www.epicentro.iss.it/coronavirus/bollettino/Bollettino-sorveglianza-integrata-COVID-19_15-settembre-2021.pdf,12-39,vaccinati completo,7.705.018,11.700,111,4,2,2021-08-28,2021-08-13,2021-09-12,2021-08-06,2021-09-05,2021-08-06,2021-09-05,2021-07-23,2021-08-22
2021-09-15,2021-09-17,https://www.epicentro.iss.it/coronavirus/bollettino/Bollettino-sorveglianza-integrata-COVID-19_15-settembre-2021.pdf,40-59,non vaccinati,4.684.966,29.184,2.528,295,114,2021-08-28,2021-08-13,2021-09-12,2021-08-06,2021-09-05,2021-08-06,2021-09-05,2021-07-23,2021-08-22
2021-09-15,2021-09-17,https://www.epicentro.iss.it/coronavirus/bollettino/Bollettino-sorveglianza-integrata-COVID-19_15-settembre-2021.pdf,40-59,vaccinati incompleto,1.379.625,3.794,116,7,6,2021-08-28,2021-08-13,2021-09-12,2021-08-06,2021-09-05,2021-08-06,2021-09-05,2021-07-23,2021-08-22
2021-09-15,2021-09-17,https://www.epicentro.iss.it/coronavirus/bollettino/Bollettino-sorveglianza-integrata-COVID-19_15-settembre-2021.pdf,40-59,vaccinati completo,12.382.591,16.554,283,15,15,2021-08-28,2021-08-13,2021-09-12,2021-08-06,2021-09-05,2021-08-06,2021-09-05,2021-07-23,2021-08-22
2021-09-15,2021-09-17,https://www.epicentro.iss.it/coronavirus/bollettino/Bollettino-sorveglianza-integrata-COVID-19_15-settembre-2021.pdf,60-79,non vaccinati,1.765.005,8.629,1.903,366,353,2021-08-28,2021-08-13,2021-09-12,2021-08-06,2021-09-05,2021-08-06,2021-09-05,2021-07-23,2021-08-22
2021-09-15,2021-09-17,https://www.epicentro.iss.it/coronavirus/bollettino/Bollettino-sorveglianza-integrata-COVID-19_15-settembre-2021.pdf,60-79,vaccinati incompleto,463.925,1.171,163,16,31,2021-08-28,2021-08-13,2021-09-12,2021-08-06,2021-09-05,2021-08-06,2021-09-05,2021-07-23,2021-08-22
2021-09-15,2021-09-17,https://www.epicentro.iss.it/coronavirus/bollettino/Bollettino-sorveglianza-integrata-COVID-19_15-settembre-2021.pdf,60-79,vaccinati completo,11.343.849,11.620,792,88,100,2021-08-28,2021-08-13,2021-09-12,2021-08-06,2021-09-05,2021-08-06,2021-09-05,2021-07-23,2021-08-22
2021-09-15,2021-09-17,https://www.epicentro.iss.it/coronavirus/bollettino/Bollettino-sorveglianza-integrata-COVID-19_15-settembre-2021.pdf,80+,non vaccinati,281.773,1.859,705,52,294,2021-08-28,2021-08-13,2021-09-12,2021-08-06,2021-09-05,2021-08-06,2021-09-05,2021-07-23,2021-08-22
2021-09-15,2021-09-17,https://www.epicentro.iss.it/coronavirus/bollettino/Bollettino-sorveglianza-integrata-COVID-19_15-settembre-2021.pdf,80+,vaccinati incompleto,104.255,164,49,2,20,2021-08-28,2021-08-13,2021-09-12,2021-08-06,2021-09-05,2021-08-06,2021-09-05,2021-07-23,2021-08-22
2021-09-15,2021-09-17,https://www.epicentro.iss.it/coronavirus/bollettino/Bollettino-sorveglianza-integrata-COVID-19_15-settembre-2021.pdf,80+,vaccinati completo,4.168.357,5.116,1.145,56,288,2021-08-28,2021-08-13,2021-09-12,2021-08-06,2021-09-05,2021-08-06,2021-09-05,2021-07-23,2021-08-22
2021-09-08,2021-09-10,https://www.epicentro.iss.it/coronavirus/bollettino/Bollettino-sorveglianza-integrata-COVID-19_8-settembre-2021.pdf,12-39,non vaccinati,7.378.291,64.612,1.711,63,7,2021-08-21,2021-08-06,2021-09-05,2021-07-30,2021-08-29,2021-07-30,2021-08-29,2021-07-16,2021-08-15
2021-09-08,2021-09-10,https://www.epicentro.iss.it/coronavirus/bollettino/Bollettino-sorveglianza-integrata-COVID-19_8-settembre-2021.pdf,12-39,vaccinati incompleto,3.129.839,10.267,92,3,1,2021-08-21,2021-08-06,2021-09-05,2021-07-30,2021-08-29,2021-07-30,2021-08-29,2021-07-16,2021-08-15
2021-09-08,2021-09-10,https://www.epicentro.iss.it/coronavirus/bollettino/Bollettino-sorveglianza-integrata-COVID-19_8-settembre-2021.pdf,12-39,vaccinati completo,6.927.425,11.719,105,3,0,2021-08-21,2021-08-06,2021-09-05,2021-07-30,2021-08-29,2021-07-30,2021-08-29,2021-07-16,2021-08-15
2021-09-08,2021-09-10,https://www.epicentro.iss.it/coronavirus/bollettino/Bollettino-sorveglianza-integrata-COVID-19_8-settembre-2021.pdf,40-59,non vaccinati,4.990.358,29.879,2.459,275,85,2021-08-21,2021-08-06,2021-09-05,2021-07-30,2021-08-29,2021-07-30,2021-08-29,2021-07-16,2021-08-15
2021-09-08,2021-09-10,https://www.epicentro.iss.it/coronavirus/bollettino/Bollettino-sorveglianza-integrata-COVID-19_8-settembre-2021.pdf,40-59,vaccinati incompleto,1.422.424,4.232,122,8,8,2021-08-21,2021-08-06,2021-09-05,2021-07-30,2021-08-29,2021-07-30,2021-08-29,2021-07-16,2021-08-15
2021-09-08,2021-09-10,https://www.epicentro.iss.it/coronavirus/bollettino/Bollettino-sorveglianza-integrata-COVID-19_8-settembre-2021.pdf,40-59,vaccinati completo,12.034.678,15.993,258,17,10,2021-08-21,2021-08-06,2021-09-05,2021-07-30,2021-08-29,2021-07-30,2021-08-29,2021-07-16,2021-08-15
2021-09-08,2021-09-10,https://www.epicentro.iss.it/coronavirus/bollettino/Bollettino-sorveglianza-integrata-COVID-19_8-settembre-2021.pdf,60-79,non vaccinati,1.847.629,8.631,1.771,331,257,2021-08-21,2021-08-06,2021-09-05,2021-07-30,2021-08-29,2021-07-30,2021-08-29,2021-07-16,2021-08-15
2021-09-08,2021-09-10,https://www.epicentro.iss.it/coronavirus/bollettino/Bollettino-sorveglianza-integrata-COVID-19_8-settembre-2021.pdf,60-79,vaccinati incompleto,552.988,1.467,187,16,27,2021-08-21,2021-08-06,2021-09-05,2021-07-30,2021-08-29,2021-07-30,2021-08-29,2021-07-16,2021-08-15
2021-09-08,2021-09-10,https://www.epicentro.iss.it/coronavirus/bollettino/Bollettino-sorveglianza-integrata-COVID-19_8-settembre-2021.pdf,60-79,vaccinati completo,11.172.162,11.201,736,91,62,2021-08-21,2021-08-06,2021-09-05,2021-07-30,2021-08-29,2021-07-30,2021-08-29,2021-07-16,2021-08-15
2021-09-08,2021-09-10,https://www.epicentro.iss.it/coronavirus/bollettino/Bollettino-sorveglianza-integrata-COVID-19_8-settembre-2021.pdf,80+,non vaccinati,291.252,1.768,638,43,222,2021-08-21,2021-08-06,2021-09-05,2021-07-30,2021-08-29,2021-07-30,2021-08-29,2021-07-16,2021-08-15
2021-09-08,2021-09-10,https://www.epicentro.iss.it/coronavirus/bollettino/Bollettino-sorveglianza-integrata-COVID-19_8-settembre-2021.pdf,80+,vaccinati incompleto,105.042,163,49,3,15,2021-08-21,2021-08-06,2021-09-05,2021-07-30,2021-08-29,2021-07-30,2021-08-29,2021-07-16,2021-08-15
2021-09-08,2021-09-10,https://www.epicentro.iss.it/coronavirus/bollettino/Bollettino-sorveglianza-integrata-COVID-19_8-settembre-2021.pdf,80+,vaccinati completo,4.157.813,4.862,1.019,46,208,2021-08-21,2021-08-06,2021-09-05,2021-07-30,2021-08-29,2021-07-30,2021-08-29,2021-07-16,2021-08-15
2021-09-01,2021-09-03,https://www.epicentro.iss.it/coronavirus/bollettino/Bollettino-sorveglianza-integrata-COVID-19_1-settembre-2021.pdf,12-39,non vaccinati,8.165.625,69.504,1.626,62,4,2021-08-14,2021-07-30,2021-08-29,2021-07-23,2021-08-22,2021-07-23,2021-08-22,2021-07-09,2021-08-08
2021-09-01,2021-09-03,https://www.epicentro.iss.it/coronavirus/bollettino/Bollettino-sorveglianza-integrata-COVID-19_1-settembre-2021.pdf,12-39,vaccinati incompleto,3.447.156,12.217,105,5,0,2021-08-14,2021-07-30,2021-08-29,2021-07-23,2021-08-22,2021-07-23,2021-08-22,2021-07-09,2021-08-08
2021-09-01,2021-09-03,https://www.epicentro.iss.it/coronavirus/bollettino/Bollettino-sorveglianza-integrata-COVID-19_1-settembre-2021.pdf,12-39,vaccinati completo,5.822.774,11.097,93,2,0,2021-08-14,2021-07-30,2021-08-29,2021-07-23,2021-08-22,2021-07-23,2021-08-22,2021-07-09,2021-08-08
2021-09-01,2021-09-03,https://www.epicentro.iss.it/coronavirus/bollettino/Bollettino-sorveglianza-integrata-COVID-19_1-settembre-2021.pdf,40-59,non vaccinati,5.263.193,28.701,2.235,249,56,2021-08-14,2021-07-30,2021-08-29,2021-07-23,2021-08-22,2021-07-23,2021-08-22,2021-07-09,2021-08-08
2021-09-01,2021-09-03,https://www.epicentro.iss.it/coronavirus/bollettino/Bollettino-sorveglianza-integrata-COVID-19_1-settembre-2021.pdf,40-59,vaccinati incompleto,1.734.907,4.766,130,8,6,2021-08-14,2021-07-30,2021-08-29,2021-07-23,2021-08-22,2021-07-23,2021-08-22,2021-07-09,2021-08-08
2021-09-01,2021-09-03,https://www.epicentro.iss.it/coronavirus/bollettino/Bollettino-sorveglianza-integrata-COVID-19_1-settembre-2021.pdf,40-59,vaccinati completo,11.449.360,14.601,213,19,8,2021-08-14,2021-07-30,2021-08-29,2021-07-23,2021-08-22,2021-07-23,2021-08-22,2021-07-09,2021-08-08
2021-09-01,2021-09-03,https://www.epicentro.iss.it/coronavirus/bollettino/Bollettino-sorveglianza-integrata-COVID-19_1-settembre-2021.pdf,60-79,non vaccinati,1.926.937,8.139,1.562,286,164,2021-08-14,2021-07-30,2021-08-29,2021-07-23,2021-08-22,2021-07-23,2021-08-22,2021-07-09,2021-08-08
2021-09-01,2021-09-03,https://www.epicentro.iss.it/coronavirus/bollettino/Bollettino-sorveglianza-integrata-COVID-19_1-settembre-2021.pdf,60-79,vaccinati incompleto,776.230,1.785,195,15,18,2021-08-14,2021-07-30,2021-08-29,2021-07-23,2021-08-22,2021-07-23,2021-08-22,2021-07-09,2021-08-08
2021-09-01,2021-09-03,https://www.epicentro.iss.it/coronavirus/bollettino/Bollettino-sorveglianza-integrata-COVID-19_1-settembre-2021.pdf,60-79,vaccinati completo,10.869.612,10.274,607,66,40,2021-08-14,2021-07-30,2021-08-29,2021-07-23,2021-08-22,2021-07-23,2021-08-22,2021-07-09,2021-08-08
2021-09-01,2021-09-03,https://www.epicentro.iss.it/coronavirus/bollettino/Bollettino-sorveglianza-integrata-COVID-19_1-settembre-2021.pdf,80+,non vaccinati,300.892,1.593,565,44,159,2021-08-14,2021-07-30,2021-08-29,2021-07-23,2021-08-22,2021-07-23,2021-08-22,2021-07-09,2021-08-08
2021-09-01,2021-09-03,https://www.epicentro.iss.it/coronavirus/bollettino/Bollettino-sorveglianza-integrata-COVID-19_1-settembre-2021.pdf,80+,vaccinati incompleto,107.317,157,50,3,13,2021-08-14,2021-07-30,2021-08-29,2021-07-23,2021-08-22,2021-07-23,2021-08-22,2021-07-09,2021-08-08
2021-09-01,2021-09-03,https://www.epicentro.iss.it/coronavirus/bollettino/Bollettino-sorveglianza-integrata-COVID-19_1-settembre-2021.pdf,80+,vaccinati completo,4.145.898,4.408,875,40,139,2021-08-14,2021-07-30,2021-08-29,2021-07-23,2021-08-22,2021-07-23,2021-08-22,2021-07-09,2021-08-08
2021-08-25,2021-08-27,https://www.epicentro.iss.it/coronavirus/bollettino/Bollettino-sorveglianza-integrata-COVID-19_25-agosto-2021.pdf,12-39,non vaccinati,8.855.576,70.440,1.578,57,3,2021-08-07,2021-07-23,2021-08-22,2021-07-16,2021-08-15,2021-07-16,2021-08-15,2021-07-02,2021-08-01
2021-08-25,2021-08-27,https://www.epicentro.iss.it/coronavirus/bollettino/Bollettino-sorveglianza-integrata-COVID-19_25-agosto-2021.pdf,12-39,vaccinati incompleto,3.910.551,14.014,120,4,0,2021-08-07,2021-07-23,2021-08-22,2021-07-16,2021-08-15,2021-07-16,2021-08-15,2021-07-02,2021-08-01
2021-08-25,2021-08-27,https://www.epicentro.iss.it/coronavirus/bollettino/Bollettino-sorveglianza-integrata-COVID-19_25-agosto-2021.pdf,12-39,vaccinati completo,4.669.428,9.428,74,1,0,2021-08-07,2021-07-23,2021-08-22,2021-07-16,2021-08-15,2021-07-16,2021-08-15,2021-07-02,2021-08-01
2021-08-25,2021-08-27,https://www.epicentro.iss.it/coronavirus/bollettino/Bollettino-sorveglianza-integrata-COVID-19_25-agosto-2021.pdf,40-59,non vaccinati,5.530.037,25.710,1.906,189,32,2021-08-07,2021-07-23,2021-08-22,2021-07-16,2021-08-15,2021-07-16,2021-08-15,2021-07-02,2021-08-01
2021-08-25,2021-08-27,https://www.epicentro.iss.it/coronavirus/bollettino/Bollettino-sorveglianza-integrata-COVID-19_25-agosto-2021.pdf,40-59,vaccinati incompleto,2.366.086,5.486,138,9,5,2021-08-07,2021-07-23,2021-08-22,2021-07-16,2021-08-15,2021-07-16,2021-08-15,2021-07-02,2021-08-01
2021-08-25,2021-08-27,https://www.epicentro.iss.it/coronavirus/bollettino/Bollettino-sorveglianza-integrata-COVID-19_25-agosto-2021.pdf,40-59,vaccinati completo,10.551.337,12.300,166,13,3,2021-08-07,2021-07-23,2021-08-22,2021-07-16,2021-08-15,2021-07-16,2021-08-15,2021-07-02,2021-08-01
2021-08-25,2021-08-27,https://www.epicentro.iss.it/coronavirus/bollettino/Bollettino-sorveglianza-integrata-COVID-19_25-agosto-2021.pdf,60-79,non vaccinati,2.012.350,6.934,1.257,224,110,2021-08-07,2021-07-23,2021-08-22,2021-07-16,2021-08-15,2021-07-16,2021-08-15,2021-07-02,2021-08-01
2021-08-25,2021-08-27,https://www.epicentro.iss.it/coronavirus/bollettino/Bollettino-sorveglianza-integrata-COVID-19_25-agosto-2021.pdf,60-79,vaccinati incompleto,1.281.222,2.052,204,15,13,2021-08-07,2021-07-23,2021-08-22,2021-07-16,2021-08-15,2021-07-16,2021-08-15,2021-07-02,2021-08-01
2021-08-25,2021-08-27,https://www.epicentro.iss.it/coronavirus/bollettino/Bollettino-sorveglianza-integrata-COVID-19_25-agosto-2021.pdf,60-79,vaccinati completo,10.279.207,8.454,461,49,18,2021-08-07,2021-07-23,2021-08-22,2021-07-16,2021-08-15,2021-07-16,2021-08-15,2021-07-02,2021-08-01
2021-08-25,2021-08-27,https://www.epicentro.iss.it/coronavirus/bollettino/Bollettino-sorveglianza-integrata-COVID-19_25-agosto-2021.pdf,80+,non vaccinati,310.867,1.321,421,30,101,2021-08-07,2021-07-23,2021-08-22,2021-07-16,2021-08-15,2021-07-16,2021-08-15,2021-07-02,2021-08-01
2021-08-25,2021-08-27,https://www.epicentro.iss.it/coronavirus/bollettino/Bollettino-sorveglianza-integrata-COVID-19_25-agosto-2021.pdf,80+,vaccinati incompleto,114.534,151,47,2,9,2021-08-07,2021-07-23,2021-08-22,2021-07-16,2021-08-15,2021-07-16,2021-08-15,2021-07-02,2021-08-01
2021-08-25,2021-08-27,https://www.epicentro.iss.it/coronavirus/bollettino/Bollettino-sorveglianza-integrata-COVID-19_25-agosto-2021.pdf,80+,vaccinati completo,4.128.706,3.712,648,32,71,2021-08-07,2021-07-23,2021-08-22,2021-07-16,2021-08-15,2021-07-16,2021-08-15,2021-07-02,2021-08-01
2021-08-18,2021-08-20,https://www.epicentro.iss.it/coronavirus/bollettino/Bollettino-sorveglianza-integrata-COVID-19_18-agosto-2021.pdf,12-39,non vaccinati,9.409.901,67.101,1.373,49,4,2021-07-31,2021-07-16,2021-08-15,2021-07-09,2021-08-08,2021-07-09,2021-08-08,2021-06-25,2021-07-25
2021-08-18,2021-08-20,https://www.epicentro.iss.it/coronavirus/bollettino/Bollettino-sorveglianza-integrata-COVID-19_18-agosto-2021.pdf,12-39,vaccinati incompleto,4.366.588,14.327,110,2,0,2021-07-31,2021-07-16,2021-08-15,2021-07-09,2021-08-08,2021-07-09,2021-08-08,2021-06-25,2021-07-25
2021-08-18,2021-08-20,https://www.epicentro.iss.it/coronavirus/bollettino/Bollettino-sorveglianza-integrata-COVID-19_18-agosto-2021.pdf,12-39,vaccinati completo,3.659.066,7.195,57,0,0,2021-07-31,2021-07-16,2021-08-15,2021-07-09,2021-08-08,2021-07-09,2021-08-08,2021-06-25,2021-07-25
2021-08-18,2021-08-20,https://www.epicentro.iss.it/coronavirus/bollettino/Bollettino-sorveglianza-integrata-COVID-19_18-agosto-2021.pdf,40-59,non vaccinati,5.754.829,21.581,1.455,121,28,2021-07-31,2021-07-16,2021-08-15,2021-07-09,2021-08-08,2021-07-09,2021-08-08,2021-06-25,2021-07-25
2021-08-18,2021-08-20,https://www.epicentro.iss.it/coronavirus/bollettino/Bollettino-sorveglianza-integrata-COVID-19_18-agosto-2021.pdf,40-59,vaccinati incompleto,3.425.683,5.897,125,8,5,2021-07-31,2021-07-16,2021-08-15,2021-07-09,2021-08-08,2021-07-09,2021-08-08,2021-06-25,2021-07-25
2021-08-18,2021-08-20,https://www.epicentro.iss.it/coronavirus/bollettino/Bollettino-sorveglianza-integrata-COVID-19_18-agosto-2021.pdf,40-59,vaccinati completo,9.266.948,9.003,121,7,2,2021-07-31,2021-07-16,2021-08-15,2021-07-09,2021-08-08,2021-07-09,2021-08-08,2021-06-25,2021-07-25
2021-08-18,2021-08-20,https://www.epicentro.iss.it/coronavirus/bollettino/Bollettino-sorveglianza-integrata-COVID-19_18-agosto-2021.pdf,60-79,non vaccinati,2.083.299,5.553,893,140,80,2021-07-31,2021-07-16,2021-08-15,2021-07-09,2021-08-08,2021-07-09,2021-08-08,2021-06-25,2021-07-25
2021-08-18,2021-08-20,https://www.epicentro.iss.it/coronavirus/bollettino/Bollettino-sorveglianza-integrata-COVID-19_18-agosto-2021.pdf,60-79,vaccinati incompleto,2.020.243,2.221,176,11,9,2021-07-31,2021-07-16,2021-08-15,2021-07-09,2021-08-08,2021-07-09,2021-08-08,2021-06-25,2021-07-25
2021-08-18,2021-08-20,https://www.epicentro.iss.it/coronavirus/bollettino/Bollettino-sorveglianza-integrata-COVID-19_18-agosto-2021.pdf,60-79,vaccinati completo,9.469.237,6.079,325,36,6,2021-07-31,2021-07-16,2021-08-15,2021-07-09,2021-08-08,2021-07-09,2021-08-08,2021-06-25,2021-07-25
2021-08-18,2021-08-20,https://www.epicentro.iss.it/coronavirus/bollettino/Bollettino-sorveglianza-integrata-COVID-19_18-agosto-2021.pdf,80+,non vaccinati,320.296,1.026,331,24,65,2021-07-31,2021-07-16,2021-08-15,2021-07-09,2021-08-08,2021-07-09,2021-08-08,2021-06-25,2021-07-25
2021-08-18,2021-08-20,https://www.epicentro.iss.it/coronavirus/bollettino/Bollettino-sorveglianza-integrata-COVID-19_18-agosto-2021.pdf,80+,vaccinati incompleto,127.610,123,33,1,5,2021-07-31,2021-07-16,2021-08-15,2021-07-09,2021-08-08,2021-07-09,2021-08-08,2021-06-25,2021-07-25
2021-08-18,2021-08-20,https://www.epicentro.iss.it/coronavirus/bollettino/Bollettino-sorveglianza-integrata-COVID-19_18-agosto-2021.pdf,80+,vaccinati completo,4.106.201,2.701,456,18,40,2021-07-31,2021-07-16,2021-08-15,2021-07-09,2021-08-08,2021-07-09,2021-08-08,2021-06-25,2021-07-25
2021-08-11,2021-08-13,https://www.epicentro.iss.it/coronavirus/bollettino/Bollettino-sorveglianza-integrata-COVID-19_11-agosto-2021.pdf,12-39,non vaccinati,10.220.321,58.875,1.129,42,1,2021-07-24,2021-07-09,2021-08-08,2021-07-02,2021-08-01,2021-07-02,2021-08-01,2021-06-18,2021-07-18
2021-08-11,2021-08-13,https://www.epicentro.iss.it/coronavirus/bollettino/Bollettino-sorveglianza-integrata-COVID-19_11-agosto-2021.pdf,12-39,vaccinati incompleto,4.558.902,13.561,93,2,0,2021-07-24,2021-07-09,2021-08-08,2021-07-02,2021-08-01,2021-07-02,2021-08-01,2021-06-18,2021-07-18
2021-08-11,2021-08-13,https://www.epicentro.iss.it/coronavirus/bollettino/Bollettino-sorveglianza-integrata-COVID-19_11-agosto-2021.pdf,12-39,vaccinati completo,2.656.332,5.552,34,0,0,2021-07-24,2021-07-09,2021-08-08,2021-07-02,2021-08-01,2021-07-02,2021-08-01,2021-06-18,2021-07-18
2021-08-11,2021-08-13,https://www.epicentro.iss.it/coronavirus/bollettino/Bollettino-sorveglianza-integrata-COVID-19_11-agosto-2021.pdf,40-59,non vaccinati,6.790.774,16.853,1.081,82,24,2021-07-24,2021-07-09,2021-08-08,2021-07-02,2021-08-01,2021-07-02,2021-08-01,2021-06-18,2021-07-18
2021-08-11,2021-08-13,https://www.epicentro.iss.it/coronavirus/bollettino/Bollettino-sorveglianza-integrata-COVID-19_11-agosto-2021.pdf,40-59,vaccinati incompleto,4.302.256,5.801,101,6,2,2021-07-24,2021-07-09,2021-08-08,2021-07-02,2021-08-01,2021-07-02,2021-08-01,2021-06-18,2021-07-18
2021-08-11,2021-08-13,https://www.epicentro.iss.it/coronavirus/bollettino/Bollettino-sorveglianza-integrata-COVID-19_11-agosto-2021.pdf,40-59,vaccinati completo,7.354.430,6.873,89,6,0,2021-07-24,2021-07-09,2021-08-08,2021-07-02,2021-08-01,2021-07-02,2021-08-01,2021-06-18,2021-07-18
2021-08-11,2021-08-13,https://www.epicentro.iss.it/coronavirus/bollettino/Bollettino-sorveglianza-integrata-COVID-19_11-agosto-2021.pdf,60-79,non vaccinati,2.893.691,4.101,637,104,64,2021-07-24,2021-07-09,2021-08-08,2021-07-02,2021-08-01,2021-07-02,2021-08-01,2021-06-18,2021-07-18
2021-08-11,2021-08-13,https://www.epicentro.iss.it/coronavirus/bollettino/Bollettino-sorveglianza-integrata-COVID-19_11-agosto-2021.pdf,60-79,vaccinati incompleto,2.343.633,2.104,160,13,7,2021-07-24,2021-07-09,2021-08-08,2021-07-02,2021-08-01,2021-07-02,2021-08-01,2021-06-18,2021-07-18
2021-08-11,2021-08-13,https://www.epicentro.iss.it/coronavirus/bollettino/Bollettino-sorveglianza-integrata-COVID-19_11-agosto-2021.pdf,60-79,vaccinati completo,8.335.455,4.445,210,17,6,2021-07-24,2021-07-09,2021-08-08,2021-07-02,2021-08-01,2021-07-02,2021-08-01,2021-06-18,2021-07-18
2021-08-11,2021-08-13,https://www.epicentro.iss.it/coronavirus/bollettino/Bollettino-sorveglianza-integrata-COVID-19_11-agosto-2021.pdf,80+,non vaccinati,418.020,756,220,19,54,2021-07-24,2021-07-09,2021-08-08,2021-07-02,2021-08-01,2021-07-02,2021-08-01,2021-06-18,2021-07-18
2021-08-11,2021-08-13,https://www.epicentro.iss.it/coronavirus/bollettino/Bollettino-sorveglianza-integrata-COVID-19_11-agosto-2021.pdf,80+,vaccinati incompleto,136.645,104,26,1,5,2021-07-24,2021-07-09,2021-08-08,2021-07-02,2021-08-01,2021-07-02,2021-08-01,2021-06-18,2021-07-18
2021-08-11,2021-08-13,https://www.epicentro.iss.it/coronavirus/bollettino/Bollettino-sorveglianza-integrata-COVID-19_11-agosto-2021.pdf,80+,vaccinati completo,3.999.442,2.017,294,11,28,2021-07-24,2021-07-09,2021-08-08,2021-07-02,2021-08-01,2021-07-02,2021-08-01,2021-06-18,2021-07-18
2021-08-04,2021-08-06,https://www.epicentro.iss.it/coronavirus/bollettino/Bollettino-sorveglianza-integrata-COVID-19_4-agosto-2021.pdf,12-39,non vaccinati,10.874.565,45.110,870,26,2,2021-07-17,2021-07-02,2021-08-01,2021-06-25,2021-07-25,2021-06-25,2021-07-25,2021-06-11,2021-07-11
2021-08-04,2021-08-06,https://www.epicentro.iss.it/coronavirus/bollettino/Bollettino-sorveglianza-integrata-COVID-19_4-agosto-2021.pdf,12-39,vaccinati incompleto,4.335.470,10.523,62,0,0,2021-07-17,2021-07-02,2021-08-01,2021-06-25,2021-07-25,2021-06-25,2021-07-25,2021-06-11,2021-07-11
2021-08-04,2021-08-06,https://www.epicentro.iss.it/coronavirus/bollettino/Bollettino-sorveglianza-integrata-COVID-19_4-agosto-2021.pdf,12-39,vaccinati completo,2.225.520,3.714,26,0,0,2021-07-17,2021-07-02,2021-08-01,2021-06-25,2021-07-25,2021-06-25,2021-07-25,2021-06-11,2021-07-11
2021-08-04,2021-08-06,https://www.epicentro.iss.it/coronavirus/bollettino/Bollettino-sorveglianza-integrata-COVID-19_4-agosto-2021.pdf,40-59,non vaccinati,7.042.798,11.774,755,55,26,2021-07-17,2021-07-02,2021-08-01,2021-06-25,2021-07-25,2021-06-25,2021-07-25,2021-06-11,2021-07-11
2021-08-04,2021-08-06,https://www.epicentro.iss.it/coronavirus/bollettino/Bollettino-sorveglianza-integrata-COVID-19_4-agosto-2021.pdf,40-59,vaccinati incompleto,5.406.031,5.001,80,2,0,2021-07-17,2021-07-02,2021-08-01,2021-06-25,2021-07-25,2021-06-25,2021-07-25,2021-06-11,2021-07-11
2021-08-04,2021-08-06,https://www.epicentro.iss.it/coronavirus/bollettino/Bollettino-sorveglianza-integrata-COVID-19_4-agosto-2021.pdf,40-59,vaccinati completo,5.998.631,4.511,60,4,0,2021-07-17,2021-07-02,2021-08-01,2021-06-25,2021-07-25,2021-06-25,2021-07-25,2021-06-11,2021-07-11
2021-08-04,2021-08-06,https://www.epicentro.iss.it/coronavirus/bollettino/Bollettino-sorveglianza-integrata-COVID-19_4-agosto-2021.pdf,60-79,non vaccinati,2.946.662,2.849,453,74,52,2021-07-17,2021-07-02,2021-08-01,2021-06-25,2021-07-25,2021-06-25,2021-07-25,2021-06-11,2021-07-11
2021-08-04,2021-08-06,https://www.epicentro.iss.it/coronavirus/bollettino/Bollettino-sorveglianza-integrata-COVID-19_4-agosto-2021.pdf,60-79,vaccinati incompleto,3.243.966,1.813,133,9,14,2021-07-17,2021-07-02,2021-08-01,2021-06-25,2021-07-25,2021-06-25,2021-07-25,2021-06-11,2021-07-11
2021-08-04,2021-08-06,https://www.epicentro.iss.it/coronavirus/bollettino/Bollettino-sorveglianza-integrata-COVID-19_4-agosto-2021.pdf,60-79,vaccinati completo,7.382.151,2.770,131,13,5,2021-07-17,2021-07-02,2021-08-01,2021-06-25,2021-07-25,2021-06-25,2021-07-25,2021-06-11,2021-07-11
2021-08-04,2021-08-06,https://www.epicentro.iss.it/coronavirus/bollettino/Bollettino-sorveglianza-integrata-COVID-19_4-agosto-2021.pdf,80+,non vaccinati,425.736,534,156,14,48,2021-07-17,2021-07-02,2021-08-01,2021-06-25,2021-07-25,2021-06-25,2021-07-25,2021-06-11,2021-07-11
2021-08-04,2021-08-06,https://www.epicentro.iss.it/coronavirus/bollettino/Bollettino-sorveglianza-integrata-COVID-19_4-agosto-2021.pdf,80+,vaccinati incompleto,164.209,83,17,0,4,2021-07-17,2021-07-02,2021-08-01,2021-06-25,2021-07-25,2021-06-25,2021-07-25,2021-06-11,2021-07-11
2021-08-04,2021-08-06,https://www.epicentro.iss.it/coronavirus/bollettino/Bollettino-sorveglianza-integrata-COVID-19_4-agosto-2021.pdf,80+,vaccinati completo,3.964.162,1.338,187,6,29,2021-07-17,2021-07-02,2021-08-01,2021-06-25,2021-07-25,2021-06-25,2021-07-25,2021-06-11,2021-07-11
2021-07-28,2021-07-30,https://www.epicentro.iss.it/coronavirus/bollettino/Bollettino-sorveglianza-integrata-COVID-19_28-luglio-2021.pdf,12-39,non vaccinati,11.988.272,30.626,616,15,4,2021-07-10,2021-06-25,2021-07-25,2021-06-18,2021-07-18,2021-06-18,2021-07-18,2021-06-04,2021-07-04
2021-07-28,2021-07-30,https://www.epicentro.iss.it/coronavirus/bollettino/Bollettino-sorveglianza-integrata-COVID-19_28-luglio-2021.pdf,12-39,vaccinati incompleto,3.457.775,6.829,37,0,0,2021-07-10,2021-06-25,2021-07-25,2021-06-18,2021-07-18,2021-06-18,2021-07-18,2021-06-04,2021-07-04
2021-07-28,2021-07-30,https://www.epicentro.iss.it/coronavirus/bollettino/Bollettino-sorveglianza-integrata-COVID-19_28-luglio-2021.pdf,12-39,vaccinati completo,1.989.508,2.291,13,0,0,2021-07-10,2021-06-25,2021-07-25,2021-06-18,2021-07-18,2021-06-18,2021-07-18,2021-06-04,2021-07-04
2021-07-28,2021-07-30,https://www.epicentro.iss.it/coronavirus/bollettino/Bollettino-sorveglianza-integrata-COVID-19_28-luglio-2021.pdf,40-59,non vaccinati,7.432.135,7.782,548,48,30,2021-07-10,2021-06-25,2021-07-25,2021-06-18,2021-07-18,2021-06-18,2021-07-18,2021-06-04,2021-07-04
2021-07-28,2021-07-30,https://www.epicentro.iss.it/coronavirus/bollettino/Bollettino-sorveglianza-integrata-COVID-19_28-luglio-2021.pdf,40-59,vaccinati incompleto,6.004.517,3.717,60,0,2,2021-07-10,2021-06-25,2021-07-25,2021-06-18,2021-07-18,2021-06-18,2021-07-18,2021-06-04,2021-07-04
2021-07-28,2021-07-30,https://www.epicentro.iss.it/coronavirus/bollettino/Bollettino-sorveglianza-integrata-COVID-19_28-luglio-2021.pdf,40-59,vaccinati completo,5.010.808,2.598,37,2,1,2021-07-10,2021-06-25,2021-07-25,2021-06-18,2021-07-18,2021-06-18,2021-07-18,2021-06-04,2021-07-04
2021-07-28,2021-07-30,https://www.epicentro.iss.it/coronavirus/bollettino/Bollettino-sorveglianza-integrata-COVID-19_28-luglio-2021.pdf,60-79,non vaccinati,3.023.125,1.951,332,45,67,2021-07-10,2021-06-25,2021-07-25,2021-06-18,2021-07-18,2021-06-18,2021-07-18,2021-06-04,2021-07-04
2021-07-28,2021-07-30,https://www.epicentro.iss.it/coronavirus/bollettino/Bollettino-sorveglianza-integrata-COVID-19_28-luglio-2021.pdf,60-79,vaccinati incompleto,4.078.538,1.423,108,10,22,2021-07-10,2021-06-25,2021-07-25,2021-06-18,2021-07-18,2021-06-18,2021-07-18,2021-06-04,2021-07-04
2021-07-28,2021-07-30,https://www.epicentro.iss.it/coronavirus/bollettino/Bollettino-sorveglianza-integrata-COVID-19_28-luglio-2021.pdf,60-79,vaccinati completo,6.471.116,1.545,87,8,7,2021-07-10,2021-06-25,2021-07-25,2021-06-18,2021-07-18,2021-06-18,2021-07-18,2021-06-04,2021-07-04
2021-07-28,2021-07-30,https://www.epicentro.iss.it/coronavirus/bollettino/Bollettino-sorveglianza-integrata-COVID-19_28-luglio-2021.pdf,80+,non vaccinati,435.635,370,123,15,68,2021-07-10,2021-06-25,2021-07-25,2021-06-18,2021-07-18,2021-06-18,2021-07-18,2021-06-04,2021-07-04
2021-07-28,2021-07-30,https://www.epicentro.iss.it/coronavirus/bollettino/Bollettino-sorveglianza-integrata-COVID-19_28-luglio-2021.pdf,80+,vaccinati incompleto,200.300,63,11,1,6,2021-07-10,2021-06-25,2021-07-25,2021-06-18,2021-07-18,2021-06-18,2021-07-18,2021-06-04,2021-07-04
2021-07-28,2021-07-30,https://www.epicentro.iss.it/coronavirus/bollettino/Bollettino-sorveglianza-integrata-COVID-19_28-luglio-2021.pdf,80+,vaccinati completo,3.918.172,843,143,6,30,2021-07-10,2021-06-25,2021-07-25,2021-06-18,2021-07-18,2021-06-18,2021-07-18,2021-06-04,2021-07-04
2021-07-21,2021-07-23,https://www.epicentro.iss.it/coronavirus/bollettino/Bollettino-sorveglianza-integrata-COVID-19_21-luglio-2021.pdf,12-39,non vaccinati,13.017.353,19.080,485,11,3,2021-07-03,2021-06-18,2021-07-18,2021-06-11,2021-07-11,2021-06-11,2021-07-11,2021-05-28,2021-06-27
2021-07-21,2021-07-23,https://www.epicentro.iss.it/coronavirus/bollettino/Bollettino-sorveglianza-integrata-COVID-19_21-luglio-2021.pdf,12-39,vaccinati incompleto,2.651.558,3.313,18,0,1,2021-07-03,2021-06-18,2021-07-18,2021-06-11,2021-07-11,2021-06-11,2021-07-11,2021-05-28,2021-06-27
2021-07-21,2021-07-23,https://www.epicentro.iss.it/coronavirus/bollettino/Bollettino-sorveglianza-integrata-COVID-19_21-luglio-2021.pdf,12-39,vaccinati completo,1.766.644,1.167,9,0,0,2021-07-03,2021-06-18,2021-07-18,2021-06-11,2021-07-11,2021-06-11,2021-07-11,2021-05-28,2021-06-27
2021-07-21,2021-07-23,https://www.epicentro.iss.it/coronavirus/bollettino/Bollettino-sorveglianza-integrata-COVID-19_21-luglio-2021.pdf,40-59,non vaccinati,8.163.811,5.457,556,52,38,2021-07-03,2021-06-18,2021-07-18,2021-06-11,2021-07-11,2021-06-11,2021-07-11,2021-05-28,2021-06-27
2021-07-21,2021-07-23,https://www.epicentro.iss.it/coronavirus/bollettino/Bollettino-sorveglianza-integrata-COVID-19_21-luglio-2021.pdf,40-59,vaccinati incompleto,6.157.091,2.357,50,0,4,2021-07-03,2021-06-18,2021-07-18,2021-06-11,2021-07-11,2021-06-11,2021-07-11,2021-05-28,2021-06-27
2021-07-21,2021-07-23,https://www.epicentro.iss.it/coronavirus/bollettino/Bollettino-sorveglianza-integrata-COVID-19_21-luglio-2021.pdf,40-59,vaccinati completo,4.126.558,1.256,22,0,1,2021-07-03,2021-06-18,2021-07-18,2021-06-11,2021-07-11,2021-06-11,2021-07-11,2021-05-28,2021-06-27
2021-07-21,2021-07-23,https://www.epicentro.iss.it/coronavirus/bollettino/Bollettino-sorveglianza-integrata-COVID-19_21-luglio-2021.pdf,60-79,non vaccinati,3.118.561,1.446,317,42,103,2021-07-03,2021-06-18,2021-07-18,2021-06-11,2021-07-11,2021-06-11,2021-07-11,2021-05-28,2021-06-27
2021-07-21,2021-07-23,https://www.epicentro.iss.it/coronavirus/bollettino/Bollettino-sorveglianza-integrata-COVID-19_21-luglio-2021.pdf,60-79,vaccinati incompleto,4.825.699,1.090,113,13,30,2021-07-03,2021-06-18,2021-07-18,2021-06-11,2021-07-11,2021-06-11,2021-07-11,2021-05-28,2021-06-27
2021-07-21,2021-07-23,https://www.epicentro.iss.it/coronavirus/bollettino/Bollettino-sorveglianza-integrata-COVID-19_21-luglio-2021.pdf,60-79,vaccinati completo,5.628.519,830,65,4,10,2021-07-03,2021-06-18,2021-07-18,2021-06-11,2021-07-11,2021-06-11,2021-07-11,2021-05-28,2021-06-27
2021-07-21,2021-07-23,https://www.epicentro.iss.it/coronavirus/bollettino/Bollettino-sorveglianza-integrata-COVID-19_21-luglio-2021.pdf,80+,non vaccinati,446.128,301,125,12,106,2021-07-03,2021-06-18,2021-07-18,2021-06-11,2021-07-11,2021-06-11,2021-07-11,2021-05-28,2021-06-27
2021-07-21,2021-07-23,https://www.epicentro.iss.it/coronavirus/bollettino/Bollettino-sorveglianza-integrata-COVID-19_21-luglio-2021.pdf,80+,vaccinati incompleto,245.504,53,18,1,12,2021-07-03,2021-06-18,2021-07-18,2021-06-11,2021-07-11,2021-06-11,2021-07-11,2021-05-28,2021-06-27
2021-07-21,2021-07-23,https://www.epicentro.iss.it/coronavirus/bollettino/Bollettino-sorveglianza-integrata-COVID-19_21-luglio-2021.pdf,80+,vaccinati completo,3.862.475,552,128,4,35,2021-07-03,2021-06-18,2021-07-18,2021-06-11,2021-07-11,2021-06-11,2021-07-11,2021-05-28,2021-06-27
2021-07-14,2021-07-16,https://www.epicentro.iss.it/coronavirus/bollettino/Bollettino-sorveglianza-integrata-COVID-19_14-luglio-2021.pdf,12-39,non vaccinati,14.011.891,13.549,513,13,7,2021-06-26,2021-06-11,2021-07-11,2021-06-04,2021-07-04,2021-06-04,2021-07-04,2021-05-21,2021-06-20
2021-07-14,2021-07-16,https://www.epicentro.iss.it/coronavirus/bollettino/Bollettino-sorveglianza-integrata-COVID-19_14-luglio-2021.pdf,12-39,vaccinati incompleto,1.815.895,1.243,11,0,1,2021-06-26,2021-06-11,2021-07-11,2021-06-04,2021-07-04,2021-06-04,2021-07-04,2021-05-21,2021-06-20
2021-07-14,2021-07-16,https://www.epicentro.iss.it/coronavirus/bollettino/Bollettino-sorveglianza-integrata-COVID-19_14-luglio-2021.pdf,12-39,vaccinati completo,1.607.769,528,4,0,0,2021-06-26,2021-06-11,2021-07-11,2021-06-04,2021-07-04,2021-06-04,2021-07-04,2021-05-21,2021-06-20
2021-07-14,2021-07-16,https://www.epicentro.iss.it/coronavirus/bollettino/Bollettino-sorveglianza-integrata-COVID-19_14-luglio-2021.pdf,40-59,non vaccinati,9.340.510,5.747,779,66,45,2021-06-26,2021-06-11,2021-07-11,2021-06-04,2021-07-04,2021-06-04,2021-07-04,2021-05-21,2021-06-20
2021-07-14,2021-07-16,https://www.epicentro.iss.it/coronavirus/bollettino/Bollettino-sorveglianza-integrata-COVID-19_14-luglio-2021.pdf,40-59,vaccinati incompleto,5.502.988,1.586,51,3,4,2021-06-26,2021-06-11,2021-07-11,2021-06-04,2021-07-04,2021-06-04,2021-07-04,2021-05-21,2021-06-20
2021-07-14,2021-07-16,https://www.epicentro.iss.it/coronavirus/bollettino/Bollettino-sorveglianza-integrata-COVID-19_14-luglio-2021.pdf,40-59,vaccinati completo,3.603.962,727,24,0,1,2021-06-26,2021-06-11,2021-07-11,2021-06-04,2021-07-04,2021-06-04,2021-07-04,2021-05-21,2021-06-20
2021-07-14,2021-07-16,https://www.epicentro.iss.it/coronavirus/bollettino/Bollettino-sorveglianza-integrata-COVID-19_14-luglio-2021.pdf,60-79,non vaccinati,3.251.872,1.491,420,47,158,2021-06-26,2021-06-11,2021-07-11,2021-06-04,2021-07-04,2021-06-04,2021-07-04,2021-05-21,2021-06-20
2021-07-14,2021-07-16,https://www.epicentro.iss.it/coronavirus/bollettino/Bollettino-sorveglianza-integrata-COVID-19_14-luglio-2021.pdf,60-79,vaccinati incompleto,5.415.352,1.067,151,17,46,2021-06-26,2021-06-11,2021-07-11,2021-06-04,2021-07-04,2021-06-04,2021-07-04,2021-05-21,2021-06-20
2021-07-14,2021-07-16,https://www.epicentro.iss.it/coronavirus/bollettino/Bollettino-sorveglianza-integrata-COVID-19_14-luglio-2021.pdf,60-79,vaccinati completo,4.905.555,568,70,2,12,2021-06-26,2021-06-11,2021-07-11,2021-06-04,2021-07-04,2021-06-04,2021-07-04,2021-05-21,2021-06-20
2021-07-14,2021-07-16,https://www.epicentro.iss.it/coronavirus/bollettino/Bollettino-sorveglianza-integrata-COVID-19_14-luglio-2021.pdf,80+,non vaccinati,460.790,302,168,21,147,2021-06-26,2021-06-11,2021-07-11,2021-06-04,2021-07-04,2021-06-04,2021-07-04,2021-05-21,2021-06-20
2021-07-14,2021-07-16,https://www.epicentro.iss.it/coronavirus/bollettino/Bollettino-sorveglianza-integrata-COVID-19_14-luglio-2021.pdf,80+,vaccinati incompleto,281.202,58,27,0,21,2021-06-26,2021-06-11,2021-07-11,2021-06-04,2021-07-04,2021-06-04,2021-07-04,2021-05-21,2021-06-20
2021-07-14,2021-07-16,https://www.epicentro.iss.it/coronavirus/bollettino/Bollettino-sorveglianza-integrata-COVID-19_14-luglio-2021.pdf,80+,vaccinati completo,3.812.115,487,142,5,55,2021-06-26,2021-06-11,2021-07-11,2021-06-04,2021-07-04,2021-06-04,2021-07-04,2021-05-21,2021-06-20